image,article,kind,space,config,algo,n,unique,collapse,n_clusters,noise_frac,top_color,top_frac,recall,hits,n_roles,t_dedup_ms,t_core_ms,t_extract_ms,wall_s,ok,error
Amlodipin_10mg,amlodipin_10mg,original,rgb,optics-thr,optics-threshold,34560,6922,4.99,7,0.0473,gray,0.653,0.75,3,4,1.3,56.7,1.3,0.57,1,
Amlodipin_10mg,amlodipin_10mg,original,rgb,optics-xi05,optics-xi,34560,6922,4.99,111,0.0474,white,0.398,1.0,4,4,1.6,38.8,1.8,0.47,1,
Amlodipin_10mg,amlodipin_10mg,original,rgb,optics-xi01,optics-xi,34560,6922,4.99,152,0.0156,gray,0.949,0.25,1,4,2.3,57.6,7.7,0.54,1,
Amlodipin_10mg,amlodipin_10mg,original,rgb,hdbscan-sm,hdbscan,34560,6922,4.99,11,0.6092,white,0.17,1.0,4,4,2.1,124.9,0,0.55,1,
Amlodipin_10mg,amlodipin_10mg,original,rgb,hdbscan-lg,hdbscan,34560,6922,4.99,4,0.3493,white,0.314,1.0,4,4,1.1,171.0,0,0.55,1,
Amlodipin_10mg,amlodipin_10mg,original,rgb,shdbscan,shdbscan,34560,6922,4.99,10,0.6519,white,0.148,1.0,4,4,1.8,2947.3,0,3.33,1,
Amlodipin_10mg,amlodipin_10mg,original,rgb,soptics,soptics,34560,6922,4.99,4,0.0282,blue,0.525,0.75,3,4,2.5,571.3,1.4,1.0,1,
Amlodipin_10mg,amlodipin_10mg,original,lab,optics-thr,optics-threshold,34560,6922,4.99,7,0.04,gray,0.655,0.75,3,4,1.1,50.7,1.2,0.4,1,
Amlodipin_10mg,amlodipin_10mg,original,lab,optics-xi05,optics-xi,34560,6922,4.99,85,0.2047,black,0.254,1.0,4,4,1.1,50.6,2.0,0.45,1,
Amlodipin_10mg,amlodipin_10mg,original,lab,optics-xi01,optics-xi,34560,6922,4.99,186,0.0141,gray,0.95,0.25,1,4,1.2,56.1,2.9,0.47,1,
Amlodipin_10mg,amlodipin_10mg,original,lab,hdbscan-sm,hdbscan,34560,6922,4.99,33,0.7707,red,0.025,1.0,4,4,2.0,145.7,0,0.55,1,
Amlodipin_10mg,amlodipin_10mg,original,lab,hdbscan-lg,hdbscan,34560,6922,4.99,6,0.3958,white,0.321,1.0,4,4,1.2,139.3,0,0.43,1,
Amlodipin_10mg,amlodipin_10mg,original,lab,shdbscan,shdbscan,34560,6922,4.99,32,0.79,red,0.025,1.0,4,4,1.4,2841.7,0,3.17,1,
Amlodipin_10mg,amlodipin_10mg,original,lab,soptics,soptics,34560,6922,4.99,2,0.0352,gray,0.717,0.25,1,4,1.1,468.6,1.3,0.79,1,
Amlodipin_10mg_01,amlodipin_10mg,original,rgb,optics-thr,optics-threshold,35072,8087,4.34,7,0.0486,gray,0.715,0.5,2,4,2.3,49.0,1.7,0.37,1,
Amlodipin_10mg_01,amlodipin_10mg,original,rgb,optics-xi05,optics-xi,35072,8087,4.34,95,0.0291,gray,0.745,0.5,2,4,1.2,49.5,2.1,0.38,1,
Amlodipin_10mg_01,amlodipin_10mg,original,rgb,optics-xi01,optics-xi,35072,8087,4.34,139,0.0155,gray,0.745,0.5,2,4,1.2,49.6,3.6,0.38,1,
Amlodipin_10mg_01,amlodipin_10mg,original,rgb,hdbscan-sm,hdbscan,35072,8087,4.34,12,0.6359,white,0.138,1.0,4,4,1.2,163.8,0,0.46,1,
Amlodipin_10mg_01,amlodipin_10mg,original,rgb,hdbscan-lg,hdbscan,35072,8087,4.34,6,0.3286,white,0.321,1.0,4,4,1.2,187.3,0,0.46,1,
Amlodipin_10mg_01,amlodipin_10mg,original,rgb,shdbscan,shdbscan,35072,8087,4.34,8,0.5879,white,0.19,1.0,4,4,1.2,3699.8,0,3.98,1,
Amlodipin_10mg_01,amlodipin_10mg,original,rgb,soptics,soptics,35072,8087,4.34,4,0.0311,gray,0.728,0.5,2,4,1.2,611.5,1.6,0.95,1,
Amlodipin_10mg_01,amlodipin_10mg,original,lab,optics-thr,optics-threshold,35072,8087,4.34,5,0.0472,gray,0.727,0.5,2,4,1.2,58.3,1.8,0.41,1,
Amlodipin_10mg_01,amlodipin_10mg,original,lab,optics-xi05,optics-xi,35072,8087,4.34,86,0.2519,white,0.25,1.0,4,4,1.3,60.2,1.4,0.42,1,
Amlodipin_10mg_01,amlodipin_10mg,original,lab,optics-xi01,optics-xi,35072,8087,4.34,190,0.1541,white,0.25,1.0,4,4,1.2,59.2,2.7,0.41,1,
Amlodipin_10mg_01,amlodipin_10mg,original,lab,hdbscan-sm,hdbscan,35072,8087,4.34,30,0.7502,black,0.083,1.0,4,4,1.2,165.5,0,0.48,1,
Amlodipin_10mg_01,amlodipin_10mg,original,lab,hdbscan-lg,hdbscan,35072,8087,4.34,8,0.2753,white,0.417,1.0,4,4,1.3,182.0,0,0.49,1,
Amlodipin_10mg_01,amlodipin_10mg,original,lab,shdbscan,shdbscan,35072,8087,4.34,24,0.8488,red,0.023,1.0,4,4,1.5,3554.1,0,3.88,1,
Amlodipin_10mg_01,amlodipin_10mg,original,lab,soptics,soptics,35072,8087,4.34,3,0.037,gray,0.724,0.5,2,4,1.2,615.2,1.5,0.95,1,
Amlodipin_5mg_01,amlodipin_5mg,original,rgb,optics-thr,optics-threshold,34048,7535,4.52,4,0.0472,white,0.458,1.0,4,4,1.1,45.3,1.2,0.37,1,
Amlodipin_5mg_01,amlodipin_5mg,original,rgb,optics-xi05,optics-xi,34048,7535,4.52,88,0.0665,white,0.43,1.0,4,4,1.4,47.8,2.4,0.36,1,
Amlodipin_5mg_01,amlodipin_5mg,original,rgb,optics-xi01,optics-xi,34048,7535,4.52,133,0.0111,gray,0.949,0.25,1,4,1.1,46.2,3.7,0.34,1,
Amlodipin_5mg_01,amlodipin_5mg,original,rgb,hdbscan-sm,hdbscan,34048,7535,4.52,9,0.6144,white,0.162,1.0,4,4,1.1,138.5,0,0.41,1,
Amlodipin_5mg_01,amlodipin_5mg,original,rgb,hdbscan-lg,hdbscan,34048,7535,4.52,5,0.2823,white,0.41,1.0,4,4,1.3,163.6,0,0.47,1,
Amlodipin_5mg_01,amlodipin_5mg,original,rgb,shdbscan,shdbscan,34048,7535,4.52,10,0.6323,white,0.117,1.0,4,4,1.2,3273.0,0,3.54,1,
Amlodipin_5mg_01,amlodipin_5mg,original,rgb,soptics,soptics,34048,7535,4.52,3,0.0301,white,0.471,0.5,2,4,1.1,510.9,2.0,0.81,1,
Amlodipin_5mg_01,amlodipin_5mg,original,lab,optics-thr,optics-threshold,34048,7535,4.52,3,0.0454,gray,0.699,0.5,2,4,1.3,54.8,1.2,0.39,1,
Amlodipin_5mg_01,amlodipin_5mg,original,lab,optics-xi05,optics-xi,34048,7535,4.52,72,0.2444,white,0.176,1.0,4,4,1.3,58.5,1.5,0.37,1,
Amlodipin_5mg_01,amlodipin_5mg,original,lab,optics-xi01,optics-xi,34048,7535,4.52,175,0.014,gray,0.71,0.5,2,4,1.2,64.5,2.3,0.38,1,
Amlodipin_5mg_01,amlodipin_5mg,original,lab,hdbscan-sm,hdbscan,34048,7535,4.52,32,0.7938,red,0.036,1.0,4,4,1.2,140.8,0,0.44,1,
Amlodipin_5mg_01,amlodipin_5mg,original,lab,hdbscan-lg,hdbscan,34048,7535,4.52,5,0.3094,white,0.399,1.0,4,4,1.1,165.9,0,0.48,1,
Amlodipin_5mg_01,amlodipin_5mg,original,lab,shdbscan,shdbscan,34048,7535,4.52,32,0.8099,red,0.036,1.0,4,4,1.4,3234.6,0,3.52,1,
Amlodipin_5mg_01,amlodipin_5mg,original,lab,soptics,soptics,34048,7535,4.52,2,0.0283,gray,0.929,0.25,1,4,1.2,538.6,2.4,0.87,1,
Amlodipin_5mg_02,amlodipin_5mg,original,rgb,optics-thr,optics-threshold,34048,6713,5.07,8,0.0395,gray,0.667,0.5,2,4,1.1,40.4,1.3,0.35,1,
Amlodipin_5mg_02,amlodipin_5mg,original,rgb,optics-xi05,optics-xi,34048,6713,5.07,126,0.0456,white,0.41,1.0,4,4,1.1,40.7,2.2,0.34,1,
Amlodipin_5mg_02,amlodipin_5mg,original,rgb,optics-xi01,optics-xi,34048,6713,5.07,161,0.0149,gray,0.95,0.25,1,4,1.1,41.3,4.9,0.37,1,
Amlodipin_5mg_02,amlodipin_5mg,original,rgb,hdbscan-sm,hdbscan,34048,6713,5.07,12,0.6416,white,0.122,1.0,4,4,1.1,114.6,0,0.39,1,
Amlodipin_5mg_02,amlodipin_5mg,original,rgb,hdbscan-lg,hdbscan,34048,6713,5.07,7,0.2717,white,0.31,1.0,4,4,1.1,135.0,0,0.41,1,
Amlodipin_5mg_02,amlodipin_5mg,original,rgb,shdbscan,shdbscan,34048,6713,5.07,10,0.6009,white,0.19,1.0,4,4,1.1,2718.9,0,3.01,1,
Amlodipin_5mg_02,amlodipin_5mg,original,rgb,soptics,soptics,34048,6713,5.07,3,0.0243,black,0.519,0.5,2,4,1.1,451.6,1.2,0.77,1,
Amlodipin_5mg_02,amlodipin_5mg,original,lab,optics-thr,optics-threshold,34048,6713,5.07,6,0.0425,gray,0.668,0.5,2,4,1.1,44.0,1.3,0.37,1,
Amlodipin_5mg_02,amlodipin_5mg,original,lab,optics-xi05,optics-xi,34048,6713,5.07,93,0.2083,white,0.2,1.0,4,4,1.1,45.4,1.3,0.38,1,
Amlodipin_5mg_02,amlodipin_5mg,original,lab,optics-xi01,optics-xi,34048,6713,5.07,179,0.0206,gray,0.945,0.25,1,4,1.2,44.9,2.0,0.38,1,
Amlodipin_5mg_02,amlodipin_5mg,original,lab,hdbscan-sm,hdbscan,34048,6713,5.07,33,0.7819,red,0.037,1.0,4,4,1.1,113.1,0,0.43,1,
Amlodipin_5mg_02,amlodipin_5mg,original,lab,hdbscan-lg,hdbscan,34048,6713,5.07,15,0.4585,black,0.199,1.0,4,4,1.2,135.9,0,0.44,1,
Amlodipin_5mg_02,amlodipin_5mg,original,lab,shdbscan,shdbscan,34048,6713,5.07,29,0.8143,red,0.037,1.0,4,4,1.7,2833.5,0,3.13,1,
Amlodipin_5mg_02,amlodipin_5mg,original,lab,soptics,soptics,34048,6713,5.07,2,0.0274,gray,0.936,0.25,1,4,1.1,471.7,1.1,0.81,1,
Amlodipin_5mg_03,amlodipin_5mg,original,rgb,optics-thr,optics-threshold,35072,7125,4.92,7,0.0446,white,0.437,1.0,4,4,1.3,43.7,1.3,0.38,1,
Amlodipin_5mg_03,amlodipin_5mg,original,rgb,optics-xi05,optics-xi,35072,7125,4.92,123,0.0224,gray,0.701,0.5,2,4,1.1,44.2,2.0,0.43,1,
Amlodipin_5mg_03,amlodipin_5mg,original,rgb,optics-xi01,optics-xi,35072,7125,4.92,157,0.0163,gray,0.701,0.5,2,4,1.8,41.1,3.3,0.38,1,
Amlodipin_5mg_03,amlodipin_5mg,original,rgb,hdbscan-sm,hdbscan,35072,7125,4.92,13,0.6087,white,0.154,1.0,4,4,1.1,130.5,0,0.43,1,
Amlodipin_5mg_03,amlodipin_5mg,original,rgb,hdbscan-lg,hdbscan,35072,7125,4.92,6,0.2549,white,0.337,1.0,4,4,1.1,149.5,0,0.44,1,
Amlodipin_5mg_03,amlodipin_5mg,original,rgb,shdbscan,shdbscan,35072,7125,4.92,11,0.6496,white,0.116,1.0,4,4,1.6,3009.7,0,3.3,1,
Amlodipin_5mg_03,amlodipin_5mg,original,rgb,soptics,soptics,35072,7125,4.92,3,0.0293,blue,0.516,0.75,3,4,1.1,491.5,1.6,0.8,1,
Amlodipin_5mg_03,amlodipin_5mg,original,lab,optics-thr,optics-threshold,35072,7125,4.92,7,0.0464,white,0.439,1.0,4,4,1.2,47.1,1.3,0.4,1,
Amlodipin_5mg_03,amlodipin_5mg,original,lab,optics-xi05,optics-xi,35072,7125,4.92,91,0.0222,gray,0.701,0.5,2,4,1.1,45.9,1.6,0.41,1,
Amlodipin_5mg_03,amlodipin_5mg,original,lab,optics-xi01,optics-xi,35072,7125,4.92,198,0.0207,gray,0.701,0.5,2,4,1.1,45.4,2.3,0.38,1,
Amlodipin_5mg_03,amlodipin_5mg,original,lab,hdbscan-sm,hdbscan,35072,7125,4.92,30,0.7013,black,0.095,1.0,4,4,1.5,130.8,0,0.44,1,
Amlodipin_5mg_03,amlodipin_5mg,original,lab,hdbscan-lg,hdbscan,35072,7125,4.92,16,0.4679,black,0.237,1.0,4,4,1.2,154.4,0,0.46,1,
Amlodipin_5mg_03,amlodipin_5mg,original,lab,shdbscan,shdbscan,35072,7125,4.92,21,0.7464,black,0.095,1.0,4,4,1.2,3158.0,0,3.47,1,
Amlodipin_5mg_03,amlodipin_5mg,original,lab,soptics,soptics,35072,7125,4.92,3,0.0311,gray,0.706,0.5,2,4,1.4,520.6,1.3,0.86,1,
Bild_Koeln_01,bild_koeln,original,rgb,optics-thr,optics-threshold,49920,15420,3.24,3,0.052,gray,0.886,0.25,1,4,2.3,149.1,2.3,0.63,1,
Bild_Koeln_01,bild_koeln,original,rgb,optics-xi05,optics-xi,49920,15420,3.24,67,0.1306,gray,0.576,0.75,3,4,2.1,153.0,3.7,0.64,1,
Bild_Koeln_01,bild_koeln,original,rgb,optics-xi01,optics-xi,49920,15420,3.24,117,0.0041,gray,0.996,0.0,0,4,2.1,155.2,10.2,0.64,1,
Bild_Koeln_01,bild_koeln,original,rgb,hdbscan-sm,hdbscan,49920,15420,3.24,9,0.4344,gray,0.296,0.75,3,4,2.1,806.0,0,1.2,1,
Bild_Koeln_01,bild_koeln,original,rgb,hdbscan-lg,hdbscan,49920,15420,3.24,5,0.3051,gray,0.343,0.75,3,4,2.5,954.9,0,1.39,1,
Bild_Koeln_01,bild_koeln,original,rgb,shdbscan,shdbscan,49920,15420,3.24,10,0.5665,gray,0.194,0.75,3,4,2.2,16245.5,0,16.7,1,
Bild_Koeln_01,bild_koeln,original,rgb,soptics,soptics,49920,15420,3.24,1,0.0519,gray,0.948,0.0,0,4,2.2,1845.8,2.6,2.33,1,
Bild_Koeln_01,bild_koeln,original,lab,optics-thr,optics-threshold,49920,15420,3.24,4,0.0366,gray,0.893,0.5,2,4,2.0,180.5,2.3,0.67,1,
Bild_Koeln_01,bild_koeln,original,lab,optics-xi05,optics-xi,49920,15420,3.24,52,0.4226,black,0.155,0.75,3,4,2.2,178.1,2.6,0.66,1,
Bild_Koeln_01,bild_koeln,original,lab,optics-xi01,optics-xi,49920,15420,3.24,125,0.3064,black,0.159,0.75,3,4,2.0,189.4,3.3,0.67,1,
Bild_Koeln_01,bild_koeln,original,lab,hdbscan-sm,hdbscan,49920,15420,3.24,23,0.6541,yellow,0.052,0.75,3,4,2.8,789.1,0,1.25,1,
Bild_Koeln_01,bild_koeln,original,lab,hdbscan-lg,hdbscan,49920,15420,3.24,4,0.2918,gray,0.339,0.75,3,4,2.4,831.7,0,1.26,1,
Bild_Koeln_01,bild_koeln,original,lab,shdbscan,shdbscan,49920,15420,3.24,8,0.6342,gray,0.23,0.75,3,4,3.0,16064.2,0,16.5,1,
Bild_Koeln_01,bild_koeln,original,lab,soptics,soptics,49920,15420,3.24,3,0.0587,gray,0.935,0.25,1,4,2.2,1523.9,2.6,2.06,1,
Bild_Koeln_02,bild_koeln,original,rgb,optics-thr,optics-threshold,56576,16010,3.53,2,0.0437,gray,0.913,0.25,1,4,2.3,164.6,2.3,0.69,1,
Bild_Koeln_02,bild_koeln,original,rgb,optics-xi05,optics-xi,56576,16010,3.53,54,0.1091,black,0.792,0.75,3,4,2.3,159.3,3.6,0.66,1,
Bild_Koeln_02,bild_koeln,original,rgb,optics-xi01,optics-xi,56576,16010,3.53,106,0.0046,gray,0.995,0.0,0,4,3.6,162.2,10.5,0.7,1,
Bild_Koeln_02,bild_koeln,original,rgb,hdbscan-sm,hdbscan,56576,16010,3.53,7,0.5449,gray,0.255,0.75,3,4,2.1,840.6,0,1.3,1,
Bild_Koeln_02,bild_koeln,original,rgb,hdbscan-lg,hdbscan,56576,16010,3.53,6,0.4654,gray,0.279,0.75,3,4,3.0,1065.6,0,1.52,1,
Bild_Koeln_02,bild_koeln,original,rgb,shdbscan,shdbscan,56576,16010,3.53,8,0.6791,gray,0.18,0.75,3,4,2.1,19209.3,0,19.68,1,
Bild_Koeln_02,bild_koeln,original,rgb,soptics,soptics,56576,16010,3.53,1,0.0455,gray,0.955,0.0,0,4,2.2,2162.6,2.7,2.67,1,
Bild_Koeln_02,bild_koeln,original,lab,optics-thr,optics-threshold,56576,16010,3.53,2,0.0361,gray,0.942,0.0,0,4,2.5,206,2.3,0.77,1,
Bild_Koeln_02,bild_koeln,original,lab,optics-xi05,optics-xi,56576,16010,3.53,48,0.4032,black,0.327,0.5,2,4,2.4,210.4,2.6,0.78,1,
Bild_Koeln_02,bild_koeln,original,lab,optics-xi01,optics-xi,56576,16010,3.53,108,0.3044,black,0.412,0.75,3,4,3.1,205.4,2.9,0.74,1,
Bild_Koeln_02,bild_koeln,original,lab,hdbscan-sm,hdbscan,56576,16010,3.53,13,0.5902,gray,0.256,0.75,3,4,3.7,828.2,0,1.29,1,
Bild_Koeln_02,bild_koeln,original,lab,hdbscan-lg,hdbscan,56576,16010,3.53,7,0.5598,gray,0.271,0.75,3,4,3.3,965.4,0,1.45,1,
Bild_Koeln_02,bild_koeln,original,lab,shdbscan,shdbscan,56576,16010,3.53,8,0.7506,gray,0.144,0.75,3,4,2.3,17657.4,0,18.17,1,
Bild_Koeln_02,bild_koeln,original,lab,soptics,soptics,56576,16010,3.53,5,0.0692,gray,0.913,0.25,1,4,2.4,1991.2,3.1,2.57,1,
Spiegel_ChatGPT_01,spiegel_chatgpt,original,rgb,optics-thr,optics-threshold,49408,21298,2.32,3,0.0577,red,0.87,0.5,2,4,2.8,336.6,2.9,0.89,1,
Spiegel_ChatGPT_01,spiegel_chatgpt,original,rgb,optics-xi05,optics-xi,49408,21298,2.32,56,0.2454,orange,0.377,1.0,4,4,3.0,336.9,3.7,0.87,1,
Spiegel_ChatGPT_01,spiegel_chatgpt,original,rgb,optics-xi01,optics-xi,49408,21298,2.32,144,0.0073,red,0.993,0.25,1,4,2.8,339.0,12.4,0.91,1,
Spiegel_ChatGPT_01,spiegel_chatgpt,original,rgb,hdbscan-sm,hdbscan,49408,21298,2.32,5,0.365,orange,0.36,1.0,4,4,3.2,1497.5,0,1.9,1,
Spiegel_ChatGPT_01,spiegel_chatgpt,original,rgb,hdbscan-lg,hdbscan,49408,21298,2.32,4,0.2536,red,0.563,0.75,3,4,2.5,1520.7,0,1.94,1,
Spiegel_ChatGPT_01,spiegel_chatgpt,original,rgb,shdbscan,shdbscan,49408,21298,2.32,5,0.5541,red,0.322,0.75,3,4,2.8,26902.1,0,27.32,1,
Spiegel_ChatGPT_01,spiegel_chatgpt,original,rgb,soptics,soptics,49408,21298,2.32,1,0.0797,red,0.92,0.25,1,4,2.8,2868.1,3.5,3.34,1,
Spiegel_ChatGPT_01,spiegel_chatgpt,original,lab,optics-thr,optics-threshold,49408,21298,2.32,3,0.052,red,0.86,0.5,2,4,2.4,337.9,4.6,0.84,1,
Spiegel_ChatGPT_01,spiegel_chatgpt,original,lab,optics-xi05,optics-xi,49408,21298,2.32,84,0.5767,black,0.109,0.75,3,4,2.7,345.3,2.7,0.87,1,
Spiegel_ChatGPT_01,spiegel_chatgpt,original,lab,optics-xi01,optics-xi,49408,21298,2.32,125,0.4681,black,0.129,1.0,4,4,2.5,340.4,3.0,0.86,1,
Spiegel_ChatGPT_01,spiegel_chatgpt,original,lab,hdbscan-sm,hdbscan,49408,21298,2.32,6,0.42,orange,0.361,1.0,4,4,3.0,1451.4,0,1.88,1,
Spiegel_ChatGPT_01,spiegel_chatgpt,original,lab,hdbscan-lg,hdbscan,49408,21298,2.32,4,0.3212,orange,0.351,1.0,4,4,2.6,1529.9,0,1.95,1,
Spiegel_ChatGPT_01,spiegel_chatgpt,original,lab,shdbscan,shdbscan,49408,21298,2.32,4,0.5615,orange,0.18,1.0,4,4,2.9,28429.7,0,28.93,1,
Spiegel_ChatGPT_01,spiegel_chatgpt,original,lab,soptics,soptics,49408,21298,2.32,1,0.0767,red,0.923,0.25,1,4,2.6,2719.3,3.7,3.31,1,
Spiegel_ChatGPT_02,spiegel_chatgpt,original,rgb,optics-thr,optics-threshold,47872,19457,2.46,3,0.0489,red,0.836,0.5,2,4,2.8,328.5,2.7,0.82,1,
Spiegel_ChatGPT_02,spiegel_chatgpt,original,rgb,optics-xi05,optics-xi,47872,19457,2.46,51,0.2297,red,0.451,0.75,3,4,2.5,327.4,3.4,0.79,1,
Spiegel_ChatGPT_02,spiegel_chatgpt,original,rgb,optics-xi01,optics-xi,47872,19457,2.46,136,0.0031,red,0.997,0.25,1,4,2.5,341.7,12.8,0.85,1,
Spiegel_ChatGPT_02,spiegel_chatgpt,original,rgb,hdbscan-sm,hdbscan,47872,19457,2.46,5,0.4117,red,0.298,0.75,3,4,2.8,1250.1,0,1.66,1,
Spiegel_ChatGPT_02,spiegel_chatgpt,original,rgb,hdbscan-lg,hdbscan,47872,19457,2.46,4,0.2808,red,0.502,0.75,3,4,2.6,1368.7,0,1.78,1,
Spiegel_ChatGPT_02,spiegel_chatgpt,original,rgb,shdbscan,shdbscan,47872,19457,2.46,7,0.6957,white,0.094,1.0,4,4,2.7,22035.9,0,22.44,1,
Spiegel_ChatGPT_02,spiegel_chatgpt,original,rgb,soptics,soptics,47872,19457,2.46,1,0.0756,red,0.924,0.25,1,4,2.7,2342.9,3.1,2.89,1,
Spiegel_ChatGPT_02,spiegel_chatgpt,original,lab,optics-thr,optics-threshold,47872,19457,2.46,1,0.0464,red,0.954,0.25,1,4,2.7,423.5,2.7,0.96,1,
Spiegel_ChatGPT_02,spiegel_chatgpt,original,lab,optics-xi05,optics-xi,47872,19457,2.46,92,0.5024,black,0.152,1.0,4,4,2.7,429.9,3.0,0.92,1,
Spiegel_ChatGPT_02,spiegel_chatgpt,original,lab,optics-xi01,optics-xi,47872,19457,2.46,129,0.3767,black,0.157,1.0,4,4,2.8,432.8,3.3,0.99,1,
Spiegel_ChatGPT_02,spiegel_chatgpt,original,lab,hdbscan-sm,hdbscan,47872,19457,2.46,5,0.4633,red,0.307,0.75,3,4,2.7,1293.1,0,1.74,1,
Spiegel_ChatGPT_02,spiegel_chatgpt,original,lab,hdbscan-lg,hdbscan,47872,19457,2.46,3,0.2453,red,0.495,0.75,3,4,2.6,1402.4,0,1.87,1,
Spiegel_ChatGPT_02,spiegel_chatgpt,original,lab,shdbscan,shdbscan,47872,19457,2.46,4,0.691,orange,0.095,1.0,4,4,2.7,24213.1,0,24.69,1,
Spiegel_ChatGPT_02,spiegel_chatgpt,original,lab,soptics,soptics,47872,19457,2.46,1,0.0883,red,0.912,0.25,1,4,2.6,2175.7,4.6,2.74,1,
Spiegel_ChatGPT_03,spiegel_chatgpt,original,rgb,optics-thr,optics-threshold,50176,22670,2.21,2,0.0646,red,0.851,0.5,2,4,3.0,343.2,3.2,0.88,1,
Spiegel_ChatGPT_03,spiegel_chatgpt,original,rgb,optics-xi05,optics-xi,50176,22670,2.21,53,0.1807,red,0.494,0.75,3,4,3.1,338.1,4.1,0.87,1,
Spiegel_ChatGPT_03,spiegel_chatgpt,original,rgb,optics-xi01,optics-xi,50176,22670,2.21,134,0.0183,red,0.877,0.5,2,4,3.3,338.0,14.6,0.88,1,
Spiegel_ChatGPT_03,spiegel_chatgpt,original,rgb,hdbscan-sm,hdbscan,50176,22670,2.21,5,0.3584,red,0.323,0.75,3,4,2.7,1562.7,0,2.0,1,
Spiegel_ChatGPT_03,spiegel_chatgpt,original,rgb,hdbscan-lg,hdbscan,50176,22670,2.21,4,0.2342,red,0.539,0.75,3,4,3.2,1876.8,0,2.33,1,
Spiegel_ChatGPT_03,spiegel_chatgpt,original,rgb,shdbscan,shdbscan,50176,22670,2.21,7,0.6115,red,0.121,1.0,4,4,2.9,32397.7,0,32.89,1,
Spiegel_ChatGPT_03,spiegel_chatgpt,original,rgb,soptics,soptics,50176,22670,2.21,1,0.0798,red,0.92,0.25,1,4,3.0,3161.1,3.4,3.71,1,
Spiegel_ChatGPT_03,spiegel_chatgpt,original,lab,optics-thr,optics-threshold,50176,22670,2.21,2,0.0536,red,0.849,0.5,2,4,2.9,386.7,2.8,0.95,1,
Spiegel_ChatGPT_03,spiegel_chatgpt,original,lab,optics-xi05,optics-xi,50176,22670,2.21,83,0.6003,black,0.114,1.0,4,4,2.8,443.1,3.1,1.0,1,
Spiegel_ChatGPT_03,spiegel_chatgpt,original,lab,optics-xi01,optics-xi,50176,22670,2.21,128,0.4801,black,0.12,1.0,4,4,2.8,441.3,3.4,1.03,1,
Spiegel_ChatGPT_03,spiegel_chatgpt,original,lab,hdbscan-sm,hdbscan,50176,22670,2.21,5,0.404,red,0.333,0.75,3,4,2.8,1723.0,0,2.18,1,
Spiegel_ChatGPT_03,spiegel_chatgpt,original,lab,hdbscan-lg,hdbscan,50176,22670,2.21,5,0.4384,red,0.306,0.75,3,4,3.2,1719.8,0,2.17,1,
Spiegel_ChatGPT_03,spiegel_chatgpt,original,lab,shdbscan,shdbscan,50176,22670,2.21,4,0.5005,red,0.382,0.75,3,4,3.2,31979.7,0,32.44,1,
Spiegel_ChatGPT_03,spiegel_chatgpt,original,lab,soptics,soptics,50176,22670,2.21,1,0.0685,red,0.931,0.25,1,4,3.3,3178.4,3.6,3.77,1,
Spiegel_Hoffnung_01,spiegel_hoffnung,original,rgb,optics-thr,optics-threshold,50432,17889,2.82,5,0.0597,black,0.342,0.667,4,6,2.5,241.6,3.0,0.75,1,
Spiegel_Hoffnung_01,spiegel_hoffnung,original,rgb,optics-xi05,optics-xi,50432,17889,2.82,88,0.1349,blue,0.323,0.833,5,6,2.7,242.1,4.1,0.78,1,
Spiegel_Hoffnung_01,spiegel_hoffnung,original,rgb,optics-xi01,optics-xi,50432,17889,2.82,157,0.0233,gray,0.915,0.167,1,6,2.5,240.4,9.0,0.76,1,
Spiegel_Hoffnung_01,spiegel_hoffnung,original,rgb,hdbscan-sm,hdbscan,50432,17889,2.82,7,0.2343,blue,0.332,1.0,6,6,2.5,987.7,0,1.44,1,
Spiegel_Hoffnung_01,spiegel_hoffnung,original,rgb,hdbscan-lg,hdbscan,50432,17889,2.82,7,0.325,blue,0.19,0.833,5,6,2.2,964.7,0,1.38,1,
Spiegel_Hoffnung_01,spiegel_hoffnung,original,rgb,shdbscan,shdbscan,50432,17889,2.82,7,0.3224,blue,0.282,1.0,6,6,2.5,20251.4,0,20.7,1,
Spiegel_Hoffnung_01,spiegel_hoffnung,original,rgb,soptics,soptics,50432,17889,2.82,2,0.0465,gray,0.893,0.167,1,6,2.5,1971.7,3.0,2.45,1,
Spiegel_Hoffnung_01,spiegel_hoffnung,original,lab,optics-thr,optics-threshold,50432,17889,2.82,3,0.0554,blue,0.546,0.5,3,6,2.8,300.7,2.9,0.85,1,
Spiegel_Hoffnung_01,spiegel_hoffnung,original,lab,optics-xi05,optics-xi,50432,17889,2.82,83,0.4958,black,0.104,0.833,5,6,2.7,296.6,3.0,0.82,1,
Spiegel_Hoffnung_01,spiegel_hoffnung,original,lab,optics-xi01,optics-xi,50432,17889,2.82,153,0.3466,white,0.161,0.833,5,6,2.5,297.5,3.5,0.88,1,
Spiegel_Hoffnung_01,spiegel_hoffnung,original,lab,hdbscan-sm,hdbscan,50432,17889,2.82,20,0.3662,blue,0.334,1.0,6,6,2.5,987.6,0,1.48,1,
Spiegel_Hoffnung_01,spiegel_hoffnung,original,lab,hdbscan-lg,hdbscan,50432,17889,2.82,6,0.195,blue,0.325,0.833,5,6,2.4,1137.5,0,1.62,1,
Spiegel_Hoffnung_01,spiegel_hoffnung,original,lab,shdbscan,shdbscan,50432,17889,2.82,7,0.3257,blue,0.29,1.0,6,6,4.0,20987.2,0,21.48,1,
Spiegel_Hoffnung_01,spiegel_hoffnung,original,lab,soptics,soptics,50432,17889,2.82,2,0.0445,gray,0.893,0.167,1,6,2.5,1847.6,3.2,2.41,1,
Spiegel_Hoffnung_02,spiegel_hoffnung,original,rgb,optics-thr,optics-threshold,51200,21946,2.33,3,0.0679,gray,0.68,0.333,2,6,3.1,391.7,3.0,0.92,1,
Spiegel_Hoffnung_02,spiegel_hoffnung,original,rgb,optics-xi05,optics-xi,51200,21946,2.33,74,0.1988,blue,0.277,0.833,5,6,3.7,342.9,3.5,0.88,1,
Spiegel_Hoffnung_02,spiegel_hoffnung,original,rgb,optics-xi01,optics-xi,51200,21946,2.33,169,0.012,gray,0.906,0.167,1,6,2.9,369.9,11.5,0.94,1,
Spiegel_Hoffnung_02,spiegel_hoffnung,original,rgb,hdbscan-sm,hdbscan,51200,21946,2.33,10,0.453,blue,0.146,0.833,5,6,2.9,1510.3,0,1.95,1,
Spiegel_Hoffnung_02,spiegel_hoffnung,original,rgb,hdbscan-lg,hdbscan,51200,21946,2.33,7,0.427,blue,0.157,0.833,5,6,2.8,1662.5,0,2.18,1,
Spiegel_Hoffnung_02,spiegel_hoffnung,original,rgb,shdbscan,shdbscan,51200,21946,2.33,7,0.5476,blue,0.122,0.833,5,6,3.3,30200.9,0,30.71,1,
Spiegel_Hoffnung_02,spiegel_hoffnung,original,rgb,soptics,soptics,51200,21946,2.33,3,0.0531,gray,0.851,0.167,1,6,3.2,2595.0,3.2,3.14,1,
Spiegel_Hoffnung_02,spiegel_hoffnung,original,lab,optics-thr,optics-threshold,51200,21946,2.33,4,0.0519,gray,0.867,0.167,1,6,2.9,499.7,3.0,1.09,1,
Spiegel_Hoffnung_02,spiegel_hoffnung,original,lab,optics-xi05,optics-xi,51200,21946,2.33,69,0.52,black,0.142,0.833,5,6,3.4,499.7,3.2,1.07,1,
Spiegel_Hoffnung_02,spiegel_hoffnung,original,lab,optics-xi01,optics-xi,51200,21946,2.33,115,0.4028,black,0.152,1.0,6,6,2.7,491.2,5.0,1.06,1,
Spiegel_Hoffnung_02,spiegel_hoffnung,original,lab,hdbscan-sm,hdbscan,51200,21946,2.33,15,0.5348,blue,0.137,0.833,5,6,2.9,1510.1,0,2.0,1,
Spiegel_Hoffnung_02,spiegel_hoffnung,original,lab,hdbscan-lg,hdbscan,51200,21946,2.33,6,0.3129,blue,0.277,0.833,5,6,2.9,1635.7,0,2.16,1,
Spiegel_Hoffnung_02,spiegel_hoffnung,original,lab,shdbscan,shdbscan,51200,21946,2.33,10,0.5773,red,0.097,0.667,4,6,3.1,29602.9,0,30.12,1,
Spiegel_Hoffnung_02,spiegel_hoffnung,original,lab,soptics,soptics,51200,21946,2.33,2,0.0585,blue,0.512,0.333,2,6,3.1,2343.3,3.4,2.95,1,
Spiegel_Mutante_01,spiegel_mutante,original,rgb,optics-thr,optics-threshold,51968,12557,4.14,3,0.0437,black,0.903,0.5,2,4,2.1,168.3,2.4,0.69,1,
Spiegel_Mutante_01,spiegel_mutante,original,rgb,optics-xi05,optics-xi,51968,12557,4.14,84,0.0972,black,0.483,1.0,4,4,2.1,166.4,3.5,0.72,1,
Spiegel_Mutante_01,spiegel_mutante,original,rgb,optics-xi01,optics-xi,51968,12557,4.14,132,0.0233,black,0.92,0.5,2,4,2.1,168.3,8.0,0.67,1,
Spiegel_Mutante_01,spiegel_mutante,original,rgb,hdbscan-sm,hdbscan,51968,12557,4.14,8,0.5072,red,0.152,1.0,4,4,2.5,445.1,0,0.87,1,
Spiegel_Mutante_01,spiegel_mutante,original,rgb,hdbscan-lg,hdbscan,51968,12557,4.14,8,0.3991,black,0.232,1.0,4,4,2.1,501.8,0,0.93,1,
Spiegel_Mutante_01,spiegel_mutante,original,rgb,shdbscan,shdbscan,51968,12557,4.14,9,0.6999,red,0.109,1.0,4,4,2.3,11491.7,0,11.96,1,
Spiegel_Mutante_01,spiegel_mutante,original,rgb,soptics,soptics,51968,12557,4.14,4,0.029,black,0.775,0.75,3,4,2.1,1413.2,2.4,1.91,1,
Spiegel_Mutante_01,spiegel_mutante,original,lab,optics-thr,optics-threshold,51968,12557,4.14,3,0.04,black,0.905,0.5,2,4,2.0,242.9,2.3,0.78,1,
Spiegel_Mutante_01,spiegel_mutante,original,lab,optics-xi05,optics-xi,51968,12557,4.14,79,0.3379,black,0.419,0.75,3,4,2.0,240.3,2.6,0.8,1,
Spiegel_Mutante_01,spiegel_mutante,original,lab,optics-xi01,optics-xi,51968,12557,4.14,150,0.1844,black,0.478,1.0,4,4,2.1,243.0,3.2,0.81,1,
Spiegel_Mutante_01,spiegel_mutante,original,lab,hdbscan-sm,hdbscan,51968,12557,4.14,13,0.545,red,0.152,1.0,4,4,2.1,493.1,0,0.98,1,
Spiegel_Mutante_01,spiegel_mutante,original,lab,hdbscan-lg,hdbscan,51968,12557,4.14,7,0.3832,black,0.237,1.0,4,4,2.0,628.7,0,1.14,1,
Spiegel_Mutante_01,spiegel_mutante,original,lab,shdbscan,shdbscan,51968,12557,4.14,16,0.6772,red,0.142,1.0,4,4,2.1,11992.2,0,12.48,1,
Spiegel_Mutante_01,spiegel_mutante,original,lab,soptics,soptics,51968,12557,4.14,4,0.0278,black,0.903,0.5,2,4,2.1,1340.5,2.3,1.87,1,
Spiegel_Mutante_02,spiegel_mutante,original,rgb,optics-thr,optics-threshold,49920,11742,4.25,2,0.0483,black,0.9,0.5,2,4,1.9,152.9,2.4,0.62,1,
Spiegel_Mutante_02,spiegel_mutante,original,rgb,optics-xi05,optics-xi,49920,11742,4.25,90,0.0859,black,0.485,1.0,4,4,1.9,149.2,3.2,0.64,1,
Spiegel_Mutante_02,spiegel_mutante,original,rgb,optics-xi01,optics-xi,49920,11742,4.25,132,0.0303,black,0.91,0.5,2,4,1.9,149.8,7.8,0.61,1,
Spiegel_Mutante_02,spiegel_mutante,original,rgb,hdbscan-sm,hdbscan,49920,11742,4.25,8,0.4737,red,0.151,0.75,3,4,1.9,427.5,0,0.86,1,
Spiegel_Mutante_02,spiegel_mutante,original,rgb,hdbscan-lg,hdbscan,49920,11742,4.25,7,0.3421,black,0.259,1.0,4,4,1.9,515.7,0,0.93,1,
Spiegel_Mutante_02,spiegel_mutante,original,rgb,shdbscan,shdbscan,49920,11742,4.25,10,0.6467,red,0.102,0.75,3,4,1.9,9893.6,0,10.35,1,
Spiegel_Mutante_02,spiegel_mutante,original,rgb,soptics,soptics,49920,11742,4.25,3,0.0297,black,0.906,0.5,2,4,1.9,1291.6,2.5,1.78,1,
Spiegel_Mutante_02,spiegel_mutante,original,lab,optics-thr,optics-threshold,49920,11742,4.25,2,0.0316,black,0.905,0.25,1,4,2.1,288.5,2.2,0.81,1,
Spiegel_Mutante_02,spiegel_mutante,original,lab,optics-xi05,optics-xi,49920,11742,4.25,87,0.3086,black,0.328,1.0,4,4,2.0,292.8,2.9,0.83,1,
Spiegel_Mutante_02,spiegel_mutante,original,lab,optics-xi01,optics-xi,49920,11742,4.25,156,0.1569,black,0.471,1.0,4,4,1.9,293.6,3.1,0.87,1,
Spiegel_Mutante_02,spiegel_mutante,original,lab,hdbscan-sm,hdbscan,49920,11742,4.25,26,0.6322,green,0.074,0.75,3,4,2.1,427.4,0,0.88,1,
Spiegel_Mutante_02,spiegel_mutante,original,lab,hdbscan-lg,hdbscan,49920,11742,4.25,7,0.3534,black,0.261,1.0,4,4,1.9,552.6,0,0.99,1,
Spiegel_Mutante_02,spiegel_mutante,original,lab,shdbscan,shdbscan,49920,11742,4.25,12,0.6734,red,0.121,1.0,4,4,2.0,10569.5,0,11.03,1,
Spiegel_Mutante_02,spiegel_mutante,original,lab,soptics,soptics,49920,11742,4.25,4,0.0272,black,0.901,0.25,1,4,1.9,1204.2,2.4,1.74,1,
Amlodipin_05_01_prepped,amlodipin_5mg,preprocessed,rgb,optics-thr,optics-threshold,12450,810,15.37,7,0.0161,white,0.438,1.0,3,3,0.3,1.9,0.3,0.12,1,
Amlodipin_05_01_prepped,amlodipin_5mg,preprocessed,rgb,optics-xi05,optics-xi,12450,810,15.37,53,0.0015,white,0.438,1.0,3,3,0.3,1.9,0.5,0.13,1,
Amlodipin_05_01_prepped,amlodipin_5mg,preprocessed,rgb,optics-xi01,optics-xi,12450,810,15.37,56,0.0014,white,0.438,1.0,3,3,0.2,1.9,0.5,0.14,1,
Amlodipin_05_01_prepped,amlodipin_5mg,preprocessed,rgb,hdbscan-sm,hdbscan,12450,810,15.37,9,0.8519,gray,0.056,1.0,3,3,0.3,4.7,0,0.13,1,
Amlodipin_05_01_prepped,amlodipin_5mg,preprocessed,rgb,hdbscan-lg,hdbscan,12450,810,15.37,6,0.6917,white,0.123,1.0,3,3,0.3,6.1,0,0.13,1,
Amlodipin_05_01_prepped,amlodipin_5mg,preprocessed,rgb,shdbscan,shdbscan,12450,810,15.37,11,0.8757,white,0.024,1.0,3,3,0.3,95.8,0,0.22,1,
Amlodipin_05_01_prepped,amlodipin_5mg,preprocessed,rgb,soptics,soptics,12450,810,15.37,8,0.01,white,0.438,1.0,3,3,0.2,35.7,0.3,0.18,1,
Amlodipin_05_01_prepped,amlodipin_5mg,preprocessed,lab,optics-thr,optics-threshold,12450,810,15.37,7,0.0125,white,0.438,1.0,3,3,0.3,2.1,0.3,0.14,1,
Amlodipin_05_01_prepped,amlodipin_5mg,preprocessed,lab,optics-xi05,optics-xi,12450,810,15.37,78,0.0025,white,0.568,1.0,3,3,0.2,2.1,0.5,0.14,1,
Amlodipin_05_01_prepped,amlodipin_5mg,preprocessed,lab,optics-xi01,optics-xi,12450,810,15.37,108,0.0009,white,0.589,1.0,3,3,0.2,2.1,0.6,0.12,1,
Amlodipin_05_01_prepped,amlodipin_5mg,preprocessed,lab,hdbscan-sm,hdbscan,12450,810,15.37,14,0.8616,white,0.024,1.0,3,3,0.3,5.6,0,0.12,1,
Amlodipin_05_01_prepped,amlodipin_5mg,preprocessed,lab,hdbscan-lg,hdbscan,12450,810,15.37,6,0.6795,white,0.124,1.0,3,3,0.2,6.0,0,0.12,1,
Amlodipin_05_01_prepped,amlodipin_5mg,preprocessed,lab,shdbscan,shdbscan,12450,810,15.37,11,0.8604,gray,0.037,1.0,3,3,0.2,87.1,0,0.22,1,
Amlodipin_05_01_prepped,amlodipin_5mg,preprocessed,lab,soptics,soptics,12450,810,15.37,5,0.0155,white,0.548,1.0,3,3,0.3,43.0,0.3,0.18,1,
Amlodipin_05_02_prepped,amlodipin_5mg,preprocessed,rgb,optics-thr,optics-threshold,12045,741,16.26,16,0.031,white,0.438,1.0,3,3,0.3,1.2,0.3,0.12,1,
Amlodipin_05_02_prepped,amlodipin_5mg,preprocessed,rgb,optics-xi05,optics-xi,12045,741,16.26,50,0.0113,white,0.438,1.0,3,3,0.3,1.2,0.3,0.11,1,
Amlodipin_05_02_prepped,amlodipin_5mg,preprocessed,rgb,optics-xi01,optics-xi,12045,741,16.26,50,0.0113,white,0.438,1.0,3,3,0.2,1.2,0.3,0.13,1,
Amlodipin_05_02_prepped,amlodipin_5mg,preprocessed,rgb,hdbscan-sm,hdbscan,12045,741,16.26,11,0.8389,white,0.053,0.667,2,3,0.2,4.6,0,0.12,1,
Amlodipin_05_02_prepped,amlodipin_5mg,preprocessed,rgb,hdbscan-lg,hdbscan,12045,741,16.26,7,0.6808,white,0.16,1.0,3,3,0.3,5.6,0,0.12,1,
Amlodipin_05_02_prepped,amlodipin_5mg,preprocessed,rgb,shdbscan,shdbscan,12045,741,16.26,10,0.8506,white,0.053,0.667,2,3,0.3,69.9,0,0.19,1,
Amlodipin_05_02_prepped,amlodipin_5mg,preprocessed,rgb,soptics,soptics,12045,741,16.26,9,0.0129,white,0.437,1.0,3,3,0.3,35.2,0.3,0.17,1,
Amlodipin_05_02_prepped,amlodipin_5mg,preprocessed,lab,optics-thr,optics-threshold,12045,741,16.26,16,0.0196,white,0.441,1.0,3,3,0.2,1.2,0.3,0.12,1,
Amlodipin_05_02_prepped,amlodipin_5mg,preprocessed,lab,optics-xi05,optics-xi,12045,741,16.26,82,0.0174,white,0.438,1.0,3,3,0.3,1.2,0.4,0.12,1,
Amlodipin_05_02_prepped,amlodipin_5mg,preprocessed,lab,optics-xi01,optics-xi,12045,741,16.26,94,0.0174,white,0.438,1.0,3,3,0.3,1.2,0.5,0.12,1,
Amlodipin_05_02_prepped,amlodipin_5mg,preprocessed,lab,hdbscan-sm,hdbscan,12045,741,16.26,11,0.8484,white,0.053,0.667,2,3,0.2,4.7,0,0.12,1,
Amlodipin_05_02_prepped,amlodipin_5mg,preprocessed,lab,hdbscan-lg,hdbscan,12045,741,16.26,7,0.679,white,0.16,1.0,3,3,0.3,3.8,0,0.11,1,
Amlodipin_05_02_prepped,amlodipin_5mg,preprocessed,lab,shdbscan,shdbscan,12045,741,16.26,12,0.8564,white,0.053,0.667,2,3,0.3,69.6,0,0.2,1,
Amlodipin_05_02_prepped,amlodipin_5mg,preprocessed,lab,soptics,soptics,12045,741,16.26,10,0.0099,white,0.526,1.0,3,3,0.3,40.7,0.3,0.18,1,
Amlodipin_05_03_prepped,amlodipin_5mg,preprocessed,rgb,optics-thr,optics-threshold,11753,624,18.83,7,0.0123,white,0.437,1.0,3,3,0.2,1.2,0.2,0.11,1,
Amlodipin_05_03_prepped,amlodipin_5mg,preprocessed,rgb,optics-xi05,optics-xi,11753,624,18.83,46,0.0043,white,0.437,1.0,3,3,0.2,1.2,0.4,0.13,1,
Amlodipin_05_03_prepped,amlodipin_5mg,preprocessed,rgb,optics-xi01,optics-xi,11753,624,18.83,45,0.0043,white,0.437,1.0,3,3,0.3,1.2,0.4,0.13,1,
Amlodipin_05_03_prepped,amlodipin_5mg,preprocessed,rgb,hdbscan-sm,hdbscan,11753,624,18.83,9,0.886,white,0.039,0.667,2,3,0.3,5.3,0,0.12,1,
Amlodipin_05_03_prepped,amlodipin_5mg,preprocessed,rgb,hdbscan-lg,hdbscan,11753,624,18.83,7,0.7019,white,0.133,1.0,3,3,0.3,5.2,0,0.12,1,
Amlodipin_05_03_prepped,amlodipin_5mg,preprocessed,rgb,shdbscan,shdbscan,11753,624,18.83,8,0.8838,gray,0.039,0.667,2,3,0.3,58.9,0,0.18,1,
Amlodipin_05_03_prepped,amlodipin_5mg,preprocessed,rgb,soptics,soptics,11753,624,18.83,7,0.0117,white,0.437,1.0,3,3,0.3,34.1,0.3,0.16,1,
Amlodipin_05_03_prepped,amlodipin_5mg,preprocessed,lab,optics-thr,optics-threshold,11753,624,18.83,7,0.013,white,0.435,1.0,3,3,0.2,1.3,0.3,0.12,1,
Amlodipin_05_03_prepped,amlodipin_5mg,preprocessed,lab,optics-xi05,optics-xi,11753,624,18.83,67,0.0117,white,0.437,1.0,3,3,0.3,1.4,0.4,0.13,1,
Amlodipin_05_03_prepped,amlodipin_5mg,preprocessed,lab,optics-xi01,optics-xi,11753,624,18.83,89,0.0016,white,0.437,1.0,3,3,0.2,1.4,0.4,0.12,1,
Amlodipin_05_03_prepped,amlodipin_5mg,preprocessed,lab,hdbscan-sm,hdbscan,11753,624,18.83,8,0.8788,white,0.039,0.667,2,3,0.2,3.3,0,0.11,1,
Amlodipin_05_03_prepped,amlodipin_5mg,preprocessed,lab,hdbscan-lg,hdbscan,11753,624,18.83,7,0.6902,white,0.132,1.0,3,3,0.3,3.7,0,0.12,1,
Amlodipin_05_03_prepped,amlodipin_5mg,preprocessed,lab,shdbscan,shdbscan,11753,624,18.83,10,0.8722,white,0.039,0.667,2,3,0.2,64.5,0,0.19,1,
Amlodipin_05_03_prepped,amlodipin_5mg,preprocessed,lab,soptics,soptics,11753,624,18.83,7,0.0117,white,0.436,1.0,3,3,0.3,33.0,0.2,0.16,1,
Amlodipin_10_01_prepped,amlodipin_10mg,preprocessed,rgb,optics-thr,optics-threshold,12540,727,17.25,10,0.0347,white,0.449,1.0,3,3,0.3,1.1,0.3,0.12,1,
Amlodipin_10_01_prepped,amlodipin_10mg,preprocessed,rgb,optics-xi05,optics-xi,12540,727,17.25,50,0.014,white,0.45,1.0,3,3,0.3,1.1,0.4,0.13,1,
Amlodipin_10_01_prepped,amlodipin_10mg,preprocessed,rgb,optics-xi01,optics-xi,12540,727,17.25,50,0.014,white,0.45,1.0,3,3,0.3,1.1,0.4,0.14,1,
Amlodipin_10_01_prepped,amlodipin_10mg,preprocessed,rgb,hdbscan-sm,hdbscan,12540,727,17.25,11,0.8778,white,0.04,1.0,3,3,0.3,4.1,0,0.12,1,
Amlodipin_10_01_prepped,amlodipin_10mg,preprocessed,rgb,hdbscan-lg,hdbscan,12540,727,17.25,6,0.7107,white,0.083,1.0,3,3,0.3,5.1,0,0.11,1,
Amlodipin_10_01_prepped,amlodipin_10mg,preprocessed,rgb,shdbscan,shdbscan,12540,727,17.25,11,0.8719,white,0.04,1.0,3,3,0.3,67.8,0,0.2,1,
Amlodipin_10_01_prepped,amlodipin_10mg,preprocessed,rgb,soptics,soptics,12540,727,17.25,10,0.01,white,0.449,1.0,3,3,0.3,35.9,0.3,0.17,1,
Amlodipin_10_01_prepped,amlodipin_10mg,preprocessed,lab,optics-thr,optics-threshold,12540,727,17.25,8,0.0157,white,0.451,1.0,3,3,0.3,1.5,0.3,0.13,1,
Amlodipin_10_01_prepped,amlodipin_10mg,preprocessed,lab,optics-xi05,optics-xi,12540,727,17.25,89,0.0055,white,0.451,1.0,3,3,0.3,1.5,0.5,0.13,1,
Amlodipin_10_01_prepped,amlodipin_10mg,preprocessed,lab,optics-xi01,optics-xi,12540,727,17.25,117,0.002,white,0.607,1.0,3,3,0.2,1.5,0.6,0.17,1,
Amlodipin_10_01_prepped,amlodipin_10mg,preprocessed,lab,hdbscan-sm,hdbscan,12540,727,17.25,11,0.8808,white,0.035,1.0,3,3,0.2,4.2,0,0.12,1,
Amlodipin_10_01_prepped,amlodipin_10mg,preprocessed,lab,hdbscan-lg,hdbscan,12540,727,17.25,7,0.7278,white,0.083,1.0,3,3,0.2,4.6,0,0.11,1,
Amlodipin_10_01_prepped,amlodipin_10mg,preprocessed,lab,shdbscan,shdbscan,12540,727,17.25,14,0.8904,white,0.02,1.0,3,3,0.3,77.2,0,0.21,1,
Amlodipin_10_01_prepped,amlodipin_10mg,preprocessed,lab,soptics,soptics,12540,727,17.25,8,0.0128,white,0.523,1.0,3,3,0.3,41.5,0.3,0.18,1,
Amlodipin_10_02_prepped,amlodipin_10mg,preprocessed,rgb,optics-thr,optics-threshold,11840,814,14.55,12,0.0288,white,0.431,1.0,3,3,0.3,1.5,0.3,0.12,1,
Amlodipin_10_02_prepped,amlodipin_10mg,preprocessed,rgb,optics-xi05,optics-xi,11840,814,14.55,54,0.0046,white,0.529,1.0,3,3,0.3,1.5,0.4,0.12,1,
Amlodipin_10_02_prepped,amlodipin_10mg,preprocessed,rgb,optics-xi01,optics-xi,11840,814,14.55,54,0.0046,white,0.529,1.0,3,3,0.2,1.5,0.4,0.13,1,
Amlodipin_10_02_prepped,amlodipin_10mg,preprocessed,rgb,hdbscan-sm,hdbscan,11840,814,14.55,13,0.8699,gray,0.032,0.667,2,3,0.3,5.3,0,0.11,1,
Amlodipin_10_02_prepped,amlodipin_10mg,preprocessed,rgb,hdbscan-lg,hdbscan,11840,814,14.55,10,0.6198,white,0.161,1.0,3,3,0.2,4.9,0,0.16,1,
Amlodipin_10_02_prepped,amlodipin_10mg,preprocessed,rgb,shdbscan,shdbscan,11840,814,14.55,14,0.8675,gray,0.031,0.667,2,3,0.3,80.7,0,0.19,1,
Amlodipin_10_02_prepped,amlodipin_10mg,preprocessed,rgb,soptics,soptics,11840,814,14.55,7,0.0127,white,0.431,1.0,3,3,0.3,38.0,0.3,0.15,1,
Amlodipin_10_02_prepped,amlodipin_10mg,preprocessed,lab,optics-thr,optics-threshold,11840,814,14.55,9,0.0223,white,0.431,1.0,3,3,0.3,1.7,0.3,0.12,1,
Amlodipin_10_02_prepped,amlodipin_10mg,preprocessed,lab,optics-xi05,optics-xi,11840,814,14.55,78,0.0087,white,0.527,1.0,3,3,0.3,1.7,0.4,0.12,1,
Amlodipin_10_02_prepped,amlodipin_10mg,preprocessed,lab,optics-xi01,optics-xi,11840,814,14.55,102,0.0054,white,0.552,1.0,3,3,0.2,1.7,0.6,0.12,1,
Amlodipin_10_02_prepped,amlodipin_10mg,preprocessed,lab,hdbscan-sm,hdbscan,11840,814,14.55,13,0.8812,white,0.025,0.667,2,3,0.3,5.1,0,0.11,1,
Amlodipin_10_02_prepped,amlodipin_10mg,preprocessed,lab,hdbscan-lg,hdbscan,11840,814,14.55,6,0.5878,white,0.162,1.0,3,3,0.2,5.7,0,0.11,1,
Amlodipin_10_02_prepped,amlodipin_10mg,preprocessed,lab,shdbscan,shdbscan,11840,814,14.55,13,0.8765,white,0.025,0.667,2,3,0.3,87.7,0,0.22,1,
Amlodipin_10_02_prepped,amlodipin_10mg,preprocessed,lab,soptics,soptics,11840,814,14.55,6,0.0205,white,0.519,1.0,3,3,0.3,38.1,0.3,0.17,1,
Bild_Koeln_01_prepped,bild_koeln,preprocessed,rgb,optics-thr,optics-threshold,48640,7383,6.59,8,0.0308,gray,0.439,0.333,1,3,1.5,46.0,1.9,0.49,1,
Bild_Koeln_01_prepped,bild_koeln,preprocessed,rgb,optics-xi05,optics-xi,48640,7383,6.59,69,0.0343,gray,0.438,0.333,1,3,1.5,45.0,2.8,0.46,1,
Bild_Koeln_01_prepped,bild_koeln,preprocessed,rgb,optics-xi01,optics-xi,48640,7383,6.59,87,0.0043,gray,0.987,0.0,0,3,1.6,45.3,4.1,0.47,1,
Bild_Koeln_01_prepped,bild_koeln,preprocessed,rgb,hdbscan-sm,hdbscan,48640,7383,6.59,18,0.3787,gray,0.136,0.667,2,3,1.3,151.0,0,0.56,1,
Bild_Koeln_01_prepped,bild_koeln,preprocessed,rgb,hdbscan-lg,hdbscan,48640,7383,6.59,7,0.1608,gray,0.392,0.667,2,3,1.6,229.7,0,0.67,1,
Bild_Koeln_01_prepped,bild_koeln,preprocessed,rgb,shdbscan,shdbscan,48640,7383,6.59,18,0.3806,gray,0.15,0.667,2,3,1.6,4527.4,0,4.97,1,
Bild_Koeln_01_prepped,bild_koeln,preprocessed,rgb,soptics,soptics,48640,7383,6.59,6,0.0242,gray,0.48,0.333,1,3,1.7,749.4,2.4,1.23,1,
Bild_Koeln_01_prepped,bild_koeln,preprocessed,lab,optics-thr,optics-threshold,48640,7383,6.59,9,0.0346,gray,0.44,0.667,2,3,1.5,65.6,2.1,0.58,1,
Bild_Koeln_01_prepped,bild_koeln,preprocessed,lab,optics-xi05,optics-xi,48640,7383,6.59,81,0.1159,gray,0.234,0.667,2,3,1.5,64.8,2.5,0.57,1,
Bild_Koeln_01_prepped,bild_koeln,preprocessed,lab,optics-xi01,optics-xi,48640,7383,6.59,190,0.0122,gray,0.85,0.333,1,3,1.5,65.7,3.9,0.53,1,
Bild_Koeln_01_prepped,bild_koeln,preprocessed,lab,hdbscan-sm,hdbscan,48640,7383,6.59,13,0.282,gray,0.326,0.667,2,3,1.5,163.4,0,0.63,1,
Bild_Koeln_01_prepped,bild_koeln,preprocessed,lab,hdbscan-lg,hdbscan,48640,7383,6.59,8,0.1319,gray,0.394,0.667,2,3,1.7,205.1,0,0.64,1,
Bild_Koeln_01_prepped,bild_koeln,preprocessed,lab,shdbscan,shdbscan,48640,7383,6.59,14,0.3222,gray,0.325,0.667,2,3,1.4,4306.2,0,4.77,1,
Bild_Koeln_01_prepped,bild_koeln,preprocessed,lab,soptics,soptics,48640,7383,6.59,6,0.0313,gray,0.821,0.333,1,3,1.6,629.1,2.0,1.1,1,
Bild_Koeln_02_prepped,bild_koeln,preprocessed,rgb,optics-thr,optics-threshold,48896,8541,5.72,9,0.0342,gray,0.415,0.333,1,3,1.5,56.2,1.9,0.48,1,
Bild_Koeln_02_prepped,bild_koeln,preprocessed,rgb,optics-xi05,optics-xi,48896,8541,5.72,105,0.0045,gray,0.957,0.333,1,3,3.0,56.9,3.4,0.52,1,
Bild_Koeln_02_prepped,bild_koeln,preprocessed,rgb,optics-xi01,optics-xi,48896,8541,5.72,123,0.0045,gray,0.917,0.333,1,3,1.8,58.0,4.8,0.53,1,
Bild_Koeln_02_prepped,bild_koeln,preprocessed,rgb,hdbscan-sm,hdbscan,48896,8541,5.72,31,0.3781,gray,0.106,0.667,2,3,1.9,228.2,0,0.63,1,
Bild_Koeln_02_prepped,bild_koeln,preprocessed,rgb,hdbscan-lg,hdbscan,48896,8541,5.72,8,0.1188,gray,0.416,0.667,2,3,1.7,240.1,0,0.61,1,
Bild_Koeln_02_prepped,bild_koeln,preprocessed,rgb,shdbscan,shdbscan,48896,8541,5.72,21,0.2613,gray,0.402,0.667,2,3,1.7,5630.5,0,6.04,1,
Bild_Koeln_02_prepped,bild_koeln,preprocessed,rgb,soptics,soptics,48896,8541,5.72,6,0.0282,gray,0.424,0.333,1,3,1.9,844.8,2.2,1.33,1,
Bild_Koeln_02_prepped,bild_koeln,preprocessed,lab,optics-thr,optics-threshold,48896,8541,5.72,10,0.0426,gray,0.415,0.667,2,3,1.9,66.8,2.4,0.57,1,
Bild_Koeln_02_prepped,bild_koeln,preprocessed,lab,optics-xi05,optics-xi,48896,8541,5.72,129,0.0642,gray,0.42,0.667,2,3,1.8,66.7,2.8,0.58,1,
Bild_Koeln_02_prepped,bild_koeln,preprocessed,lab,optics-xi01,optics-xi,48896,8541,5.72,252,0.013,black,0.51,0.333,1,3,1.7,65.7,4.6,0.57,1,
Bild_Koeln_02_prepped,bild_koeln,preprocessed,lab,hdbscan-sm,hdbscan,48896,8541,5.72,19,0.2144,gray,0.407,0.667,2,3,1.6,229.3,0,0.72,1,
Bild_Koeln_02_prepped,bild_koeln,preprocessed,lab,hdbscan-lg,hdbscan,48896,8541,5.72,8,0.1456,gray,0.416,0.667,2,3,1.6,314.3,0,0.81,1,
Bild_Koeln_02_prepped,bild_koeln,preprocessed,lab,shdbscan,shdbscan,48896,8541,5.72,30,0.2886,gray,0.406,0.667,2,3,1.6,5690.8,0,6.15,1,
Bild_Koeln_02_prepped,bild_koeln,preprocessed,lab,soptics,soptics,48896,8541,5.72,6,0.0291,gray,0.907,0.0,0,3,1.6,817.5,2.3,1.33,1,
Spiegel_ChatGPT_01_prepped,spiegel_chatgpt,preprocessed,rgb,optics-thr,optics-threshold,49664,8214,6.05,7,0.0425,brown,0.649,0.0,0,3,1.7,81.8,2.1,0.55,1,
Spiegel_ChatGPT_01_prepped,spiegel_chatgpt,preprocessed,rgb,optics-xi05,optics-xi,49664,8214,6.05,143,0.0215,brown,0.646,0.0,0,3,1.6,80.6,3.3,0.55,1,
Spiegel_ChatGPT_01_prepped,spiegel_chatgpt,preprocessed,rgb,optics-xi01,optics-xi,49664,8214,6.05,156,0.0081,gray,0.86,0.0,0,3,1.6,80.7,4.3,0.54,1,
Spiegel_ChatGPT_01_prepped,spiegel_chatgpt,preprocessed,rgb,hdbscan-sm,hdbscan,49664,8214,6.05,54,0.4147,black,0.132,0.333,1,3,1.8,208.7,0,0.65,1,
Spiegel_ChatGPT_01_prepped,spiegel_chatgpt,preprocessed,rgb,hdbscan-lg,hdbscan,49664,8214,6.05,4,0.0931,brown,0.641,0.0,0,3,1.6,259.5,0,0.7,1,
Spiegel_ChatGPT_01_prepped,spiegel_chatgpt,preprocessed,rgb,shdbscan,shdbscan,49664,8214,6.05,45,0.5105,black,0.132,0.333,1,3,1.7,5017.1,0,5.47,1,
Spiegel_ChatGPT_01_prepped,spiegel_chatgpt,preprocessed,rgb,soptics,soptics,49664,8214,6.05,4,0.0526,gray,0.812,0.0,0,3,1.6,1058.6,2.3,1.5,1,
Spiegel_ChatGPT_01_prepped,spiegel_chatgpt,preprocessed,lab,optics-thr,optics-threshold,49664,8214,6.05,7,0.033,brown,0.646,0.0,0,3,1.6,80.5,2.2,0.58,1,
Spiegel_ChatGPT_01_prepped,spiegel_chatgpt,preprocessed,lab,optics-xi05,optics-xi,49664,8214,6.05,190,0.0124,brown,0.647,0.0,0,3,1.6,81.5,3.3,0.58,1,
Spiegel_ChatGPT_01_prepped,spiegel_chatgpt,preprocessed,lab,optics-xi01,optics-xi,49664,8214,6.05,289,0.0124,brown,0.647,0.0,0,3,1.8,79.2,4.1,0.59,1,
Spiegel_ChatGPT_01_prepped,spiegel_chatgpt,preprocessed,lab,hdbscan-sm,hdbscan,49664,8214,6.05,45,0.4227,black,0.129,0.333,1,3,1.6,205.5,0,0.66,1,
Spiegel_ChatGPT_01_prepped,spiegel_chatgpt,preprocessed,lab,hdbscan-lg,hdbscan,49664,8214,6.05,5,0.1129,brown,0.64,0.0,0,3,1.6,253.8,0,0.74,1,
Spiegel_ChatGPT_01_prepped,spiegel_chatgpt,preprocessed,lab,shdbscan,shdbscan,49664,8214,6.05,14,0.3018,gray,0.418,0.333,1,3,1.7,5169.5,0,5.62,1,
Spiegel_ChatGPT_01_prepped,spiegel_chatgpt,preprocessed,lab,soptics,soptics,49664,8214,6.05,3,0.0621,brown,0.598,0.0,0,3,1.6,780.2,2.1,1.23,1,
Spiegel_ChatGPT_02_prepped,spiegel_chatgpt,preprocessed,rgb,optics-thr,optics-threshold,45824,7709,5.94,9,0.0344,brown,0.616,0.0,0,3,1.9,99.7,2.0,0.56,1,
Spiegel_ChatGPT_02_prepped,spiegel_chatgpt,preprocessed,rgb,optics-xi05,optics-xi,45824,7709,5.94,110,0.039,brown,0.614,0.0,0,3,1.5,99.0,2.8,0.54,1,
Spiegel_ChatGPT_02_prepped,spiegel_chatgpt,preprocessed,rgb,optics-xi01,optics-xi,45824,7709,5.94,136,0.0102,brown,0.822,0.0,0,3,1.5,100.8,3.7,0.53,1,
Spiegel_ChatGPT_02_prepped,spiegel_chatgpt,preprocessed,rgb,hdbscan-sm,hdbscan,45824,7709,5.94,9,0.1962,brown,0.601,0.0,0,3,1.5,179.3,0,0.6,1,
Spiegel_ChatGPT_02_prepped,spiegel_chatgpt,preprocessed,rgb,hdbscan-lg,hdbscan,45824,7709,5.94,4,0.1588,brown,0.613,0.0,0,3,1.7,237.0,0,0.63,1,
Spiegel_ChatGPT_02_prepped,spiegel_chatgpt,preprocessed,rgb,shdbscan,shdbscan,45824,7709,5.94,8,0.2038,brown,0.599,0.0,0,3,1.5,4318.8,0,4.69,1,
Spiegel_ChatGPT_02_prepped,spiegel_chatgpt,preprocessed,rgb,soptics,soptics,45824,7709,5.94,6,0.0337,brown,0.613,0.0,0,3,1.7,870.3,2.4,1.31,1,
Spiegel_ChatGPT_02_prepped,spiegel_chatgpt,preprocessed,lab,optics-thr,optics-threshold,45824,7709,5.94,6,0.0434,brown,0.615,0.0,0,3,1.7,73.5,1.9,0.52,1,
Spiegel_ChatGPT_02_prepped,spiegel_chatgpt,preprocessed,lab,optics-xi05,optics-xi,45824,7709,5.94,167,0.0106,brown,0.617,0.0,0,3,1.3,72.4,2.6,0.49,1,
Spiegel_ChatGPT_02_prepped,spiegel_chatgpt,preprocessed,lab,optics-xi01,optics-xi,45824,7709,5.94,258,0.0106,brown,0.617,0.0,0,3,1.6,83.7,4.2,0.59,1,
Spiegel_ChatGPT_02_prepped,spiegel_chatgpt,preprocessed,lab,hdbscan-sm,hdbscan,45824,7709,5.94,10,0.183,brown,0.601,0.0,0,3,1.7,183.0,0,0.59,1,
Spiegel_ChatGPT_02_prepped,spiegel_chatgpt,preprocessed,lab,hdbscan-lg,hdbscan,45824,7709,5.94,5,0.1835,brown,0.615,0.0,0,3,1.5,235.5,0,0.65,1,
Spiegel_ChatGPT_02_prepped,spiegel_chatgpt,preprocessed,lab,shdbscan,shdbscan,45824,7709,5.94,10,0.1935,brown,0.596,0.0,0,3,1.5,4438.1,0,4.89,1,
Spiegel_ChatGPT_02_prepped,spiegel_chatgpt,preprocessed,lab,soptics,soptics,45824,7709,5.94,3,0.0423,brown,0.588,0.0,0,3,1.6,716.3,2.1,1.18,1,
Spiegel_ChatGPT_03_prepped,spiegel_chatgpt,preprocessed,rgb,optics-thr,optics-threshold,46592,8689,5.36,5,0.0656,brown,0.644,0.0,0,3,1.8,67.5,2.2,0.49,1,
Spiegel_ChatGPT_03_prepped,spiegel_chatgpt,preprocessed,rgb,optics-xi05,optics-xi,46592,8689,5.36,131,0.0316,brown,0.647,0.0,0,3,1.5,58.2,3.3,0.5,1,
Spiegel_ChatGPT_03_prepped,spiegel_chatgpt,preprocessed,rgb,optics-xi01,optics-xi,46592,8689,5.36,142,0.0316,brown,0.647,0.0,0,3,1.5,56.6,3.7,0.46,1,
Spiegel_ChatGPT_03_prepped,spiegel_chatgpt,preprocessed,rgb,hdbscan-sm,hdbscan,46592,8689,5.36,8,0.1904,brown,0.629,0.0,0,3,1.5,212.5,0,0.62,1,
Spiegel_ChatGPT_03_prepped,spiegel_chatgpt,preprocessed,rgb,hdbscan-lg,hdbscan,46592,8689,5.36,4,0.1148,brown,0.644,0.0,0,3,1.7,277.7,0,0.68,1,
Spiegel_ChatGPT_03_prepped,spiegel_chatgpt,preprocessed,rgb,shdbscan,shdbscan,46592,8689,5.36,8,0.2064,brown,0.624,0.0,0,3,1.5,5423.9,0,5.82,1,
Spiegel_ChatGPT_03_prepped,spiegel_chatgpt,preprocessed,rgb,soptics,soptics,46592,8689,5.36,6,0.0388,brown,0.625,0.0,0,3,1.8,1001.5,2.2,1.47,1,
Spiegel_ChatGPT_03_prepped,spiegel_chatgpt,preprocessed,lab,optics-thr,optics-threshold,46592,8689,5.36,6,0.0513,brown,0.643,0.0,0,3,1.6,70.5,2.3,0.57,1,
Spiegel_ChatGPT_03_prepped,spiegel_chatgpt,preprocessed,lab,optics-xi05,optics-xi,46592,8689,5.36,181,0.025,brown,0.646,0.0,0,3,1.6,71.4,2.8,0.54,1,
Spiegel_ChatGPT_03_prepped,spiegel_chatgpt,preprocessed,lab,optics-xi01,optics-xi,46592,8689,5.36,267,0.025,brown,0.646,0.0,0,3,1.6,71.1,4.1,0.52,1,
Spiegel_ChatGPT_03_prepped,spiegel_chatgpt,preprocessed,lab,hdbscan-sm,hdbscan,46592,8689,5.36,7,0.1977,brown,0.63,0.0,0,3,1.6,239.5,0,0.68,1,
Spiegel_ChatGPT_03_prepped,spiegel_chatgpt,preprocessed,lab,hdbscan-lg,hdbscan,46592,8689,5.36,4,0.1168,brown,0.645,0.0,0,3,1.8,297.4,0,0.74,1,
Spiegel_ChatGPT_03_prepped,spiegel_chatgpt,preprocessed,lab,shdbscan,shdbscan,46592,8689,5.36,7,0.2125,brown,0.616,0.0,0,3,1.6,5493.7,0,5.94,1,
Spiegel_ChatGPT_03_prepped,spiegel_chatgpt,preprocessed,lab,soptics,soptics,46592,8689,5.36,3,0.0573,brown,0.602,0.0,0,3,2.7,826.9,2.0,1.27,1,
Spiegel_Hoffnung_01_prepped,spiegel_hoffnung,preprocessed,rgb,optics-thr,optics-threshold,48896,7450,6.56,6,0.0485,gray,0.476,0.8,4,5,1.3,53.0,1.8,0.49,1,
Spiegel_Hoffnung_01_prepped,spiegel_hoffnung,preprocessed,rgb,optics-xi05,optics-xi,48896,7450,6.56,88,0.0337,gray,0.484,0.8,4,5,1.3,53.4,3.2,0.48,1,
Spiegel_Hoffnung_01_prepped,spiegel_hoffnung,preprocessed,rgb,optics-xi01,optics-xi,48896,7450,6.56,105,0.0337,blue,0.394,0.8,4,5,1.5,61.0,3.6,0.55,1,
Spiegel_Hoffnung_01_prepped,spiegel_hoffnung,preprocessed,rgb,hdbscan-sm,hdbscan,48896,7450,6.56,26,0.4201,blue,0.147,0.8,4,5,1.7,165.7,0,0.59,1,
Spiegel_Hoffnung_01_prepped,spiegel_hoffnung,preprocessed,rgb,hdbscan-lg,hdbscan,48896,7450,6.56,5,0.0579,blue,0.404,0.8,4,5,1.7,201.9,0,0.63,1,
Spiegel_Hoffnung_01_prepped,spiegel_hoffnung,preprocessed,rgb,shdbscan,shdbscan,48896,7450,6.56,25,0.412,blue,0.185,0.8,4,5,1.6,4699.3,0,5.09,1,
Spiegel_Hoffnung_01_prepped,spiegel_hoffnung,preprocessed,rgb,soptics,soptics,48896,7450,6.56,5,0.0393,gray,0.47,0.8,4,5,1.6,611.2,1.8,1.08,1,
Spiegel_Hoffnung_01_prepped,spiegel_hoffnung,preprocessed,lab,optics-thr,optics-threshold,48896,7450,6.56,5,0.0436,gray,0.476,0.8,4,5,1.3,68.0,1.9,0.53,1,
Spiegel_Hoffnung_01_prepped,spiegel_hoffnung,preprocessed,lab,optics-xi05,optics-xi,48896,7450,6.56,148,0.0263,gray,0.735,0.6,3,5,1.5,67.9,2.5,0.55,1,
Spiegel_Hoffnung_01_prepped,spiegel_hoffnung,preprocessed,lab,optics-xi01,optics-xi,48896,7450,6.56,233,0.0263,gray,0.735,0.6,3,5,1.3,75.5,3.8,0.57,1,
Spiegel_Hoffnung_01_prepped,spiegel_hoffnung,preprocessed,lab,hdbscan-sm,hdbscan,48896,7450,6.56,35,0.4694,red,0.132,0.8,4,5,1.7,166.4,0,0.6,1,
Spiegel_Hoffnung_01_prepped,spiegel_hoffnung,preprocessed,lab,hdbscan-lg,hdbscan,48896,7450,6.56,9,0.2312,white,0.227,0.8,4,5,1.6,205.0,0,0.67,1,
Spiegel_Hoffnung_01_prepped,spiegel_hoffnung,preprocessed,lab,shdbscan,shdbscan,48896,7450,6.56,27,0.4691,red,0.132,0.8,4,5,1.5,4851.0,0,5.3,1,
Spiegel_Hoffnung_01_prepped,spiegel_hoffnung,preprocessed,lab,soptics,soptics,48896,7450,6.56,5,0.0365,gray,0.476,0.8,4,5,1.5,609.1,2.0,1.12,1,
Spiegel_Hoffnung_02_prepped,spiegel_hoffnung,preprocessed,rgb,optics-thr,optics-threshold,49152,8509,5.78,12,0.0538,blue,0.379,0.8,4,5,1.6,63.9,2.1,0.53,1,
Spiegel_Hoffnung_02_prepped,spiegel_hoffnung,preprocessed,rgb,optics-xi05,optics-xi,49152,8509,5.78,100,0.0322,blue,0.38,0.8,4,5,1.8,64.6,3.2,0.53,1,
Spiegel_Hoffnung_02_prepped,spiegel_hoffnung,preprocessed,rgb,optics-xi01,optics-xi,49152,8509,5.78,108,0.0322,blue,0.38,0.8,4,5,1.9,65.9,3.7,0.52,1,
Spiegel_Hoffnung_02_prepped,spiegel_hoffnung,preprocessed,rgb,hdbscan-sm,hdbscan,49152,8509,5.78,15,0.2815,blue,0.37,0.8,4,5,1.6,207.9,0,0.69,1,
Spiegel_Hoffnung_02_prepped,spiegel_hoffnung,preprocessed,rgb,hdbscan-lg,hdbscan,49152,8509,5.78,9,0.378,blue,0.21,1.0,5,5,1.6,268.2,0,0.69,1,
Spiegel_Hoffnung_02_prepped,spiegel_hoffnung,preprocessed,rgb,shdbscan,shdbscan,49152,8509,5.78,26,0.4479,red,0.132,0.8,4,5,1.6,5879.1,0,6.31,1,
Spiegel_Hoffnung_02_prepped,spiegel_hoffnung,preprocessed,rgb,soptics,soptics,49152,8509,5.78,3,0.0492,gray,0.84,0.4,2,5,1.8,757.2,2.4,1.22,1,
Spiegel_Hoffnung_02_prepped,spiegel_hoffnung,preprocessed,lab,optics-thr,optics-threshold,49152,8509,5.78,10,0.0429,blue,0.378,0.8,4,5,1.8,91.3,2.2,0.6,1,
Spiegel_Hoffnung_02_prepped,spiegel_hoffnung,preprocessed,lab,optics-xi05,optics-xi,49152,8509,5.78,135,0.0202,blue,0.402,0.8,4,5,1.6,90.5,2.6,0.6,1,
Spiegel_Hoffnung_02_prepped,spiegel_hoffnung,preprocessed,lab,optics-xi01,optics-xi,49152,8509,5.78,240,0.0202,blue,0.402,0.8,4,5,1.6,90.1,4.1,0.59,1,
Spiegel_Hoffnung_02_prepped,spiegel_hoffnung,preprocessed,lab,hdbscan-sm,hdbscan,49152,8509,5.78,19,0.3083,blue,0.373,0.8,4,5,1.6,212.9,0,0.72,1,
Spiegel_Hoffnung_02_prepped,spiegel_hoffnung,preprocessed,lab,hdbscan-lg,hdbscan,49152,8509,5.78,7,0.2155,blue,0.392,1.0,5,5,1.6,273.7,0,0.7,1,
Spiegel_Hoffnung_02_prepped,spiegel_hoffnung,preprocessed,lab,shdbscan,shdbscan,49152,8509,5.78,27,0.5464,red,0.133,0.8,4,5,1.7,5941.4,0,6.44,1,
Spiegel_Hoffnung_02_prepped,spiegel_hoffnung,preprocessed,lab,soptics,soptics,49152,8509,5.78,8,0.0541,blue,0.376,0.8,4,5,1.6,683.4,2.4,1.19,1,
Spiegel_Mutante_01_prepped,spiegel_mutante,preprocessed,rgb,optics-thr,optics-threshold,51456,3485,14.77,6,0.028,black,0.436,0.75,3,4,1.1,20.3,1.4,0.47,1,
Spiegel_Mutante_01_prepped,spiegel_mutante,preprocessed,rgb,optics-xi05,optics-xi,51456,3485,14.77,70,0.0188,black,0.436,0.75,3,4,1.1,20.4,2.1,0.52,1,
Spiegel_Mutante_01_prepped,spiegel_mutante,preprocessed,rgb,optics-xi01,optics-xi,51456,3485,14.77,78,0.0177,black,0.436,0.75,3,4,1.3,20.2,2.0,0.45,1,
Spiegel_Mutante_01_prepped,spiegel_mutante,preprocessed,rgb,hdbscan-sm,hdbscan,51456,3485,14.77,29,0.6908,green,0.035,0.75,3,4,1.2,42.7,0,0.45,1,
Spiegel_Mutante_01_prepped,spiegel_mutante,preprocessed,rgb,hdbscan-lg,hdbscan,51456,3485,14.77,9,0.3495,red,0.207,0.75,3,4,1.1,66.6,0,0.5,1,
Spiegel_Mutante_01_prepped,spiegel_mutante,preprocessed,rgb,shdbscan,shdbscan,51456,3485,14.77,29,0.6983,green,0.035,0.75,3,4,1.1,1326.6,0,1.78,1,
Spiegel_Mutante_01_prepped,spiegel_mutante,preprocessed,rgb,soptics,soptics,51456,3485,14.77,5,0.0144,black,0.729,0.5,2,4,1.3,278.8,1.3,0.76,1,
Spiegel_Mutante_01_prepped,spiegel_mutante,preprocessed,lab,optics-thr,optics-threshold,51456,3485,14.77,6,0.0229,black,0.436,0.75,3,4,1.1,27.3,1.3,0.54,1,
Spiegel_Mutante_01_prepped,spiegel_mutante,preprocessed,lab,optics-xi05,optics-xi,51456,3485,14.77,141,0.0116,black,0.436,0.75,3,4,1.1,27.4,2.2,0.53,1,
Spiegel_Mutante_01_prepped,spiegel_mutante,preprocessed,lab,optics-xi01,optics-xi,51456,3485,14.77,199,0.0116,black,0.436,0.75,3,4,1.1,27.5,2.9,0.54,1,
Spiegel_Mutante_01_prepped,spiegel_mutante,preprocessed,lab,hdbscan-sm,hdbscan,51456,3485,14.77,24,0.6755,red,0.116,0.75,3,4,1.0,43.5,0,0.55,1,
Spiegel_Mutante_01_prepped,spiegel_mutante,preprocessed,lab,hdbscan-lg,hdbscan,51456,3485,14.77,8,0.3423,black,0.209,0.75,3,4,1.1,64.5,0,0.53,1,
Spiegel_Mutante_01_prepped,spiegel_mutante,preprocessed,lab,shdbscan,shdbscan,51456,3485,14.77,23,0.6793,red,0.116,0.75,3,4,1.1,1325.2,0,1.82,1,
Spiegel_Mutante_01_prepped,spiegel_mutante,preprocessed,lab,soptics,soptics,51456,3485,14.77,4,0.0124,black,0.727,0.5,2,4,1.1,281.9,1.3,0.8,1,
Spiegel_Mutante_02_prepped,spiegel_mutante,preprocessed,rgb,optics-thr,optics-threshold,48640,3461,14.05,6,0.0282,black,0.437,0.75,3,4,1.2,24.4,1.5,0.46,1,
Spiegel_Mutante_02_prepped,spiegel_mutante,preprocessed,rgb,optics-xi05,optics-xi,48640,3461,14.05,76,0.0123,black,0.437,0.75,3,4,1.1,23.6,2.0,0.47,1,
Spiegel_Mutante_02_prepped,spiegel_mutante,preprocessed,rgb,optics-xi01,optics-xi,48640,3461,14.05,79,0.0123,black,0.437,0.75,3,4,1.4,23.9,1.8,0.46,1,
Spiegel_Mutante_02_prepped,spiegel_mutante,preprocessed,rgb,hdbscan-sm,hdbscan,48640,3461,14.05,30,0.6122,green,0.042,0.75,3,4,1.1,41.7,0,0.45,1,
Spiegel_Mutante_02_prepped,spiegel_mutante,preprocessed,rgb,hdbscan-lg,hdbscan,48640,3461,14.05,7,0.2154,black,0.274,0.75,3,4,1.1,61.0,0,0.5,1,
Spiegel_Mutante_02_prepped,spiegel_mutante,preprocessed,rgb,shdbscan,shdbscan,48640,3461,14.05,32,0.6174,green,0.042,0.75,3,4,1.0,1160.2,0,1.57,1,
Spiegel_Mutante_02_prepped,spiegel_mutante,preprocessed,rgb,soptics,soptics,48640,3461,14.05,8,0.0175,black,0.726,0.5,2,4,1.0,243.6,1.2,0.63,1,
Spiegel_Mutante_02_prepped,spiegel_mutante,preprocessed,lab,optics-thr,optics-threshold,48640,3461,14.05,7,0.0314,black,0.437,0.75,3,4,1.3,26.6,1.3,0.51,1,
Spiegel_Mutante_02_prepped,spiegel_mutante,preprocessed,lab,optics-xi05,optics-xi,48640,3461,14.05,153,0.0215,black,0.437,0.75,3,4,1.3,26.2,2.1,0.5,1,
Spiegel_Mutante_02_prepped,spiegel_mutante,preprocessed,lab,optics-xi01,optics-xi,48640,3461,14.05,225,0.0215,black,0.437,0.75,3,4,1.1,26.0,2.5,0.54,1,
Spiegel_Mutante_02_prepped,spiegel_mutante,preprocessed,lab,hdbscan-sm,hdbscan,48640,3461,14.05,11,0.5638,red,0.175,0.75,3,4,1.1,41.1,0,0.51,1,
Spiegel_Mutante_02_prepped,spiegel_mutante,preprocessed,lab,hdbscan-lg,hdbscan,48640,3461,14.05,6,0.2076,black,0.274,0.75,3,4,1.2,67.7,0,0.51,1,
Spiegel_Mutante_02_prepped,spiegel_mutante,preprocessed,lab,shdbscan,shdbscan,48640,3461,14.05,25,0.5839,red,0.175,0.75,3,4,1.1,1254.6,0,1.7,1,
Spiegel_Mutante_02_prepped,spiegel_mutante,preprocessed,lab,soptics,soptics,48640,3461,14.05,5,0.0187,black,0.438,0.75,3,4,1.1,251.8,1.3,0.75,1,
